traffictrace_035,traffictrace_070,traffictrace_140
502542.948141527,1005085.89628305,2010171.79256611
463414.196695252,926828.393390504,1853656.78678101
547602.373181624,1095204.74636325,2190409.49272649
550636.181343295,1101272.36268659,2202544.72537318
560496.057868725,1120992.11573745,2241984.2314749
529467.995576357,1058935.99115271,2117871.98230543
533191.784413686,1066383.56882737,2132767.13765474
556703.797666637,1113407.59533327,2226815.19066655
515747.387484078,1031494.77496816,2062989.54993631
431179.984977497,862359.969954994,1724719.93990999
441058.559452536,882117.118905071,1764234.23781014
366382.108936931,732764.217873862,1465528.43574772
400462.677340578,800925.354681156,1601850.70936231
501972.265651393,1003944.53130279,2007889.06260557
456967.354351701,913934.708703402,1827869.4174068
455829.676291074,911659.352582149,1823318.7051643
497252.48180821,994504.96361642,1989009.92723284
481996.271685487,963992.543370974,1927985.08674195
493752.278311962,987504.556623925,1975009.11324785
526744.942070135,1053489.88414027,2106979.76828054
490718.470150291,981436.940300583,1962873.88060117
478601.935453215,957203.870906429,1914407.74181286
548789.824657403,1097579.64931481,2195159.29862961
491856.148210918,983712.296421836,1967424.59284367
481237.819645069,962475.639290139,1924951.27858028
476307.881382354,952615.762764708,1905231.52552942
450520.51200815,901041.0240163,1802082.0480326
280695.726319332,561391.452638663,1122782.90527733
253322.981499532,506645.962999064,1013291.92599813
464931.100776088,929862.201552175,1859724.40310435
443694.44364439,887388.88728878,1774777.77457756
361781.623279272,723563.246558544,1447126.49311709
452795.868129403,905591.736258807,1811183.47251761
507093.660384033,1014187.32076807,2028374.64153613
473653.299240892,947306.598481784,1894613.19696357
444832.121705017,889664.243410034,1779328.48682007
450520.51200815,901041.0240163,1802082.0480326
212745.797337182,425491.594674364,850983.189348728
93289.6009713846,186579.201942769,373158.403885538
185149.467176301,370298.934352602,740597.868705205
76982.8821024028,153965.764204806,307931.528409611
217296.509579689,434593.019159377,869186.038318754
191888.366225694,383776.732451387,767553.464902774
292383.261581047,584766.523162094,1169533.04632419
422905.483897662,845810.967795323,1691621.93559065
525228.0379893,1050456.0759786,2100912.1519572
501716.024736349,1003432.0494727,2006864.0989454
516747.332760976,1033494.66552195,2066989.3310439
507783.641059691,1015567.28211938,2031134.56423876
524182.00621689,1048364.01243378,2096728.02486756
522244.003242781,1044488.00648556,2088976.01297112
567701.352252694,1135402.70450539,2270805.40901078
584766.523162094,1169533.04632419,2339066.09264838
582870.393061049,1165740.7861221,2331481.5722442
591592.591525854,1183185.18305171,2366370.36610341
581801.186365183,1163602.37273037,2327204.74546073
657198.69302199,1314397.38604398,2628794.77208796
611312.344576715,1222624.68915343,2445249.37830686
599935.563970449,1199871.1279409,2399742.2558818
453175.094149612,906350.188299224,1812700.37659845
509717.16705995,1019434.3341199,2038868.6682398
701238.684781373,1402477.36956275,2804954.73912549
657957.145062408,1315914.29012482,2631828.58024963
614725.378758595,1229450.75751719,2458901.51503438
598418.659889614,1196837.31977923,2393674.63955845
576802.776737707,1153605.55347541,2307211.10695083
542361.680263459,1084723.36052692,2169446.72105384
558220.701747472,1116441.40349494,2232882.80698989
499440.668615096,998881.337230191,1997762.67446038
441798.313543346,883596.627086692,1767193.25417338
467585.68291755,935171.365835099,1870342.7316702
384174.656421204,768349.312842407,1536698.62568481
395582.512493015,791165.02498603,1582330.04997206
389085.896734311,778171.793468623,1556343.58693725
353817.876854886,707635.753709771,1415271.50741954
443315.217624181,886630.435248363,1773260.87049673
425491.594674364,850983.189348728,1701966.37869746
488132.359373589,976264.718747178,1952529.43749436
410322.553866009,820645.107732018,1641290.21546404
260907.50190371,521815.00380742,1043630.00761484
272284.282509976,544568.565019952,1089137.13003991
225260.256004075,450520.51200815,901041.0240163
233603.22844867,467206.456897341,934412.913794682
220796.713075936,441593.426151872,883186.852303744
227914.838145537,455829.676291074,911659.352582149
222226.447842404,444452.895684808,888905.791369616
189233.784084231,378467.568168463,756935.136336926
155861.89430585,311723.7886117,623447.5772234
90635.0188299225,181270.037659845,362540.07531969
28482.7709831191,56965.5419662382,113931.083932476
151338.83396065,302677.6679213,605355.335842601
362160.849299481,724321.698598962,1448643.39719792
311723.7886117,623447.5772234,1246895.1544468
340544.966147575,681089.932295149,1362179.8645903
403875.711522458,807751.423044916,1615502.84608983
150931.956043134,301863.912086269,603727.824172538
260975.97326847,521951.946536939,1043903.89307388
407288.745704338,814577.491408675,1629154.98281735
410701.779886218,821403.559772435,1642807.11954487
428146.176815826,856292.353631652,1712584.7072633
437247.601300839,874495.202601679,1748990.40520336
460019.86046298,920039.720925959,1840079.44185192
478633.01091876,957266.021837519,1914532.04367504
384914.410512014,769828.821024028,1539657.64204806
309890.072793148,619780.145586296,1239560.29117259
261676.488000244,523352.976000489,1046705.95200098
196059.852447991,392119.704895982,784239.409791965
113827.323479725,227654.646959449,455309.293918899
292031.687458145,584063.37491629,1168126.74983258
285936.419237496,571872.838474992,1143745.67694998
305656.172288358,611312.344576715,1222624.68915343
318170.630955251,636341.261910502,1272682.523821
361023.171238854,722046.342477709,1444092.68495542
276524.240097034,553048.480194068,1106096.96038814
271525.830469558,543051.660939117,1086103.32187823
241566.974873057,483133.949746114,966267.899492228
188854.558064023,377709.116128045,755418.23225609
141072.079517704,282144.159035407,564288.318070814
340184.438076973,680368.876153947,1360737.75230789
381930.375765495,763860.75153099,1527721.50306198
340544.966147575,681089.932295149,1362179.8645903
298830.103924598,597660.207849196,1195320.41569839
349267.164612379,698534.329224758,1397068.65844952
340544.966147575,681089.932295149,1362179.8645903
217337.329047142,434674.658094283,869349.316188566
283688.71501355,567377.430027099,1134754.8600542
249530.721297443,499061.442594887,998122.885189774
295037.843722509,590075.687445018,1180151.37489004
255219.111600577,510438.223201153,1020876.44640231
282902.611075825,565805.22215165,1131610.4443033
335322.971179018,670645.942358036,1341291.88471607
343958.000329455,687916.000658909,1375832.00131782
219192.639680733,438385.279361466,876770.558722932
262424.405984545,524848.811969091,1049697.62393818
365194.657461152,730389.314922304,1460778.62984461
323877.719207992,647755.438415983,1295510.87683197
229860.741661734,459721.483323468,919442.966646936
233224.002428462,466448.004856923,932896.009713846
326513.603399846,653027.206799692,1306054.41359938
214262.701418018,428525.402836035,857050.80567207
233982.454468879,467964.908937759,935929.817875517
207455.331003865,414910.66200773,829821.324015461
166150.770266642,332301.540533284,664603.081066568
100874.121375562,201748.242751124,403496.485502249
292004.035560838,584008.071121676,1168016.14224335
514230.483403242,1028460.96680648,2056921.93361297
422457.786512693,844915.573025386,1689831.14605077
512402.824666958,1024805.64933392,2049611.29866783
433022.128040942,866044.256081885,1732088.51216377
420182.43039144,840364.860782879,1680729.72156576
401221.129380996,802442.258761991,1604884.51752398
431179.984977497,862359.969954994,1724719.93990999
431938.437017915,863876.87403583,1727753.74807166
391827.648190141,783655.296380282,1567310.59276056
362540.07531969,725080.15063938,1450160.30127876
389085.896734311,778171.793468623,1556343.58693725
448245.155886897,896490.311773794,1792980.62354759
434972.245179586,869944.490359172,1739888.98071834
487725.481456073,975450.962912147,1950901.92582429
451685.841966084,903371.683932167,1806743.36786433
366773.97582448,733547.95164896,1467095.90329792
472146.929216173,944293.858432346,1888587.71686469
351921.746753841,703843.493507682,1407686.98701536
390602.800815147,781205.601630294,1562411.20326059
451347.435413328,902694.870826656,1805389.74165331
407667.971724547,815335.943449093,1630671.88689819
418286.300290395,836572.60058079,1673145.20116158
476307.881382354,952615.762764708,1905231.52552942
449003.607927315,898007.215854629,1796014.43170926
426318.518079542,852637.036159083,1705274.07231817
356472.458996348,712944.917992695,1425889.83598539
250289.173337861,500578.346675722,1001156.69335144
370883.047764285,741766.09552857,1483532.19105714
326134.377379637,652268.754759275,1304537.50951855
321962.89115734,643925.782314679,1287851.56462936
358834.984431968,717669.968863937,1435339.93772787
327272.055440264,654544.110880528,1309088.22176106
226777.160084911,453554.320169821,907108.640339642
190750.688165067,381501.376330134,763002.752660268
158137.250427103,316274.500854206,632549.001708413
105424.833618069,210849.667236138,421699.334472275
290555.602844762,581111.205689525,1162222.41137905
339407.288086948,678814.576173896,1357629.15234779
320825.213096713,641650.426193426,1283300.85238685
284040.289136452,568080.578272903,1136161.15654581
67502.2315971807,135004.463194361,270008.926388723
310225.582480472,620451.164960944,1240902.32992189
206727.954428992,413455.908857985,826911.817715969
219571.865700942,439143.731401884,878287.462803767
268112.796287679,536225.592575357,1072451.18515071
328409.733500891,656819.467001781,1313638.93400356
210470.441215929,420940.882431857,841881.764863715
251116.096743039,502232.193486078,1004464.38697216
285177.967197078,570355.934394156,1140711.86878831
336373.479925277,672746.959850554,1345493.91970111
336752.705945486,673505.411890972,1347010.82378194
297313.199843762,594626.399687525,1189252.79937505
324238.247278593,648476.494557186,1296952.98911437
359214.210452177,718428.420904355,1436856.84180871
321583.665137131,643167.330274261,1286334.66054852
290107.905459794,580215.810919587,1160431.62183917
331822.767682771,663645.535365541,1327291.07073108
340544.966147575,681089.932295149,1362179.8645903
367131.607029649,734263.214059299,1468526.4281186
372806.829762636,745613.659525273,1491227.31905055
351542.520733632,703085.041467265,1406170.08293453
315136.82279358,630273.645587159,1260547.29117432
290487.131480002,580974.262960005,1161948.52592001
370883.047764285,741766.09552857,1483532.19105714
380811.395654476,761622.791308952,1523245.5826179
431559.210997706,863118.421995412,1726236.84399082
405392.615603293,810785.231206587,1621570.46241317
419423.978351022,838847.956702044,1677695.91340409
396670.417138489,793340.834276978,1586681.66855396
394395.061017236,788790.122034471,1577580.24406894
362229.320664241,724458.641328482,1448917.28265696
468417.083296577,936834.166593154,1873668.33318631
451278.964048568,902557.928097136,1805115.85619427
417148.622229769,834297.244459537,1668594.48891907
414114.814068098,828229.628136195,1656459.25627239
341742.161625262,683484.323250524,1366968.64650105
427036.150652506,854072.301305013,1708144.60261003
428525.402836035,857050.80567207,1714101.61134414
444452.895684808,888905.791369616,1777811.58273923
398187.321219325,796374.642438649,1592749.2848773
422078.560492484,844157.120984968,1688314.24196994
361091.642603614,722183.285207228,1444366.57041446
313619.918712744,627239.837425488,1254479.67485098
354955.554915512,709911.109831024,1419822.21966205
347750.260531543,695500.521063087,1391001.04212617
311344.562591491,622689.125182982,1245378.25036596
322740.041147365,645480.08229473,1290960.16458946
304947.493663092,609894.987326185,1219789.97465237
89261.114560874,178522.229121748,357044.458243496
145918.27203429,291836.544068579,583673.088137158
295796.295762927,591592.591525854,1183185.18305171
288591.001378958,577182.002757916,1154364.00551583
329995.108946486,659990.217892972,1319980.43578594
311344.562591491,622689.125182982,1245378.25036596
305276.946268149,610553.892536298,1221107.7850726
287074.097298123,574148.194596245,1148296.38919249
310965.336571282,621930.673142564,1243861.34628513
334135.519703239,668271.039406478,1336542.07881296
339457.0615021,678914.123004201,1357828.2460084
323100.569217966,646201.138435932,1292402.27687186
352300.97277405,704601.9455481,1409203.8910962
155103.442265432,310206.884530864,620413.769061729
260149.049863292,520298.099726584,1040596.19945317
172237.084539592,344474.169079183,688948.338158367
241566.974873057,483133.949746114,966267.899492228
232844.776408253,465689.552816505,931379.105633011
226018.708044493,452037.416088986,904074.832177971
309069.206470238,618138.412940475,1236276.82588095
255996.261590602,511992.523181204,1023985.04636241
171839.160569775,343678.321139551,687356.642279101
73569.8479205228,147139.695841046,294279.391682091
306793.850348984,613587.700697969,1227175.40139594
530916.428292433,1061832.85658487,2123665.71316973
552153.08542413,1104306.17084826,2208612.34169652
507472.886404242,1014945.77280848,2029891.54561697
557841.475727263,1115682.95145453,2231365.90290905
577182.002757916,1154364.00551583,2308728.01103166
453933.54619003,907867.09238006,1815734.18476012
506645.962999064,1013291.92599813,2026583.85199626
511613.297160995,1023226.59432199,2046453.18864398
372449.725260273,744899.450520546,1489798.90104109
392498.930916191,784997.861832383,1569995.72366477
430421.532937079,860843.065874159,1721686.13174832
339407.288086948,678814.576173896,1357629.15234779
295417.069742718,590834.139485436,1181668.27897087
305345.417632909,610690.835265818,1221381.67053164
378088.342148254,756176.684296508,1512353.36859302
264382.950368082,528765.900736165,1057531.80147233
334108.657860141,668217.315720281,1336434.63144056
471757.169139847,943514.338279695,1887028.67655939
398206.019168932,796412.038337864,1592824.07667573
304568.267642883,609136.535285767,1218273.07057153
235878.584569924,471757.169139847,943514.338279695
210470.441215929,420940.882431857,841881.764863715
269629.700368514,539259.400737028,1078518.80147406
173306.291235458,346612.582470917,693225.164941834
113786.504012272,227573.008024543,455146.016049087
108129.189174683,216258.378349367,432516.756698733
125523.812689139,251047.625378279,502095.250756558
142588.983598539,285177.967197078,570355.934394156
98219.5392341001,196439.0784682,392878.1569364
242325.426913475,484650.853826949,969301.707653899
233603.22844867,467206.456897341,934412.913794682
166160.51426855,332321.0285371,664642.057074201
199500.538527178,399001.077054356,798002.154108712
193026.04428632,386052.08857264,772104.177145281
123627.682588095,247255.36517619,494510.73035238
144864.339719792,289728.679439585,579457.358879169
218054.961620106,436109.923240213,872219.846480425
208263.556459435,416527.112918871,833054.225837741
141451.305537912,282902.611075825,565805.22215165
185820.749902351,371641.499804703,743282.999609406
267354.344247261,534708.688494522,1069417.37698904
193405.270306529,386810.540613058,773621.081226116
179793.953046462,359587.906092925,719175.81218585
163094.840587126,326189.681174251,652379.362348502
123627.682588095,247255.36517619,494510.73035238
204782.050912796,409564.101825591,819128.203651182
245359.235075146,490718.470150291,981436.940300583
164204.866750445,328409.733500891,656819.467001781
254529.130924919,509058.261849838,1018116.52369968
290487.131480002,580974.262960005,1161948.52592001
243463.104974101,486926.209948203,973852.419896405
250668.39935807,501336.79871614,1002673.59743228
364056.979400525,728113.958801051,1456227.9176021
328447.129400106,656894.258800211,1313788.51760042
331872.541097923,663745.082195846,1327490.16439169
305656.172288358,611312.344576715,1222624.68915343
249909.947317652,499819.894635305,999639.789270609
275697.316691856,551394.633383712,1102789.26676742
229052.516206164,458105.032412328,916210.064824655
232885.595875706,465771.191751411,931542.383502823
163853.292627543,327706.585255087,655413.170510173
141072.079517704,282144.159035407,564288.318070814
101253.347395771,202506.694791542,405013.389583084
103907.929537233,207815.859074467,415631.718148933
46265.5744654834,92531.1489309669,185062.297861934
95605.7765600909,191211.553120182,382423.106240364
238940.044628902,477880.089257803,955760.178515607
191509.140205485,383018.280410969,766036.560821939
212745.797337182,425491.594674364,850983.189348728
157758.024406894,315516.048813789,631032.097627577
133487.559113526,266975.118227052,533950.236454104
129836.718614807,259673.437229613,519346.874459227
133487.559113526,266975.118227052,533950.236454104
58780.0331323765,117560.066264753,235120.132529506
85325.8545469981,170651.709093996,341303.418187992
98977.9912745178,197955.982549036,395911.965098071
76603.6560821939,153207.312164388,306414.624328776
62280.2366286239,124560.473257248,249120.946514495
51195.5127281989,102391.025456398,204782.050912796
65226.8754759275,130453.750951855,260907.50190371
92910.3749511757,185820.749902351,371641.499804703
94048.0530118024,188096.106023605,376192.21204721
126661.490749766,253322.981499532,506645.962999064
122558.475892228,245116.951784457,490233.903568913
120973.100446633,241946.200893266,483892.401786532
184683.071841725,369366.14368345,738732.287366899
106562.511678695,213125.023357391,426250.046714782
120214.648406215,240429.29681243,480858.593624861
205581.322420666,411162.644841333,822325.289682665
98247.191131407,196494.382262814,392988.764525628
228673.290185955,457346.58037191,914693.16074382
240808.522832639,481617.045665278,963234.091330557
300726.234025642,601452.468051285,1202904.93610257
443315.217624181,886630.435248363,1773260.87049673
408874.121149933,817748.242299866,1635496.48459973
408805.649785173,817611.299570346,1635222.59914069
485030.079847158,970060.159694316,1940120.31938863
302243.138106478,604486.276212956,1208972.55242591
322721.343197757,645442.686395515,1290885.37279103
220367.713640575,440735.427281149,881470.854562299
150981.729458287,301963.458916574,603926.917833147
68639.9096578074,137279.819315615,274559.63863123
87221.9846480425,174443.969296085,348887.93859217
160412.606548356,320825.213096713,641650.426193426
177857.003477965,355714.00695593,711428.01391186
215225.777498506,430451.554997013,860903.109994025
177126.203334854,354252.406669708,708504.813339416
126661.490749766,253322.981499532,506645.962999064
251426.851398488,502853.702796976,1005707.40559395
270767.378429141,541534.756858281,1083069.51371656
141451.305537912,282902.611075825,565805.22215165
278041.144177869,556082.288355739,1112164.57671148
273421.960570603,546843.921141206,1093687.84228241
255219.111600577,510438.223201153,1020876.44640231
270388.152408932,540776.304817864,1081552.60963573
180132.359599218,360264.719198437,720529.438396873
136540.065224805,273080.130449609,546160.260899218
277263.994187844,554527.988375688,1109055.97675138
248772.269257026,497544.538514051,995089.077028103
260528.275883501,521056.551767002,1042113.103534
336752.705945486,673505.411890972,1347010.82378194
358747.815117601,717495.630235202,1434991.2604704
358834.984431968,717669.968863937,1435339.93772787
276076.542712065,552153.08542413,1104306.17084826
147139.695841046,294279.391682091,588558.783364183
340924.192167784,681848.384335567,1363696.76867113
388769.084996595,777538.169993191,1555076.33998638
158906.236523638,317812.473047276,635624.946094551
262492.877349305,524985.754698611,1049971.50939722
304897.72024794,609795.44049588,1219590.88099176
332960.445743397,665920.891486794,1331841.78297359
379226.020208881,758452.040417761,1516904.08083552
421320.108452066,842640.216904133,1685280.43380827
362201.668766934,724403.337533868,1448806.67506774
378115.994045561,756231.988091122,1512463.97618224
487305.435968412,974610.871936823,1949221.74387365
380363.698269507,760727.396539014,1521454.79307803
368607.691643032,737215.383286064,1474430.76657213
417148.622229769,834297.244459537,1668594.48891907
341371.889552752,682743.779105505,1365487.55821101
359885.493178228,719770.986356455,1439541.97271291
384155.958471596,768311.916943192,1536623.83388638
336752.705945486,673505.411890972,1347010.82378194
386431.314592849,772862.629185699,1545725.2583714
408426.423764964,816852.847529929,1633705.69505986
380071.641563666,760143.283127332,1520286.56625466
346233.356450708,692466.712901416,1384933.42580283
395532.739077862,791065.478155725,1582130.95631145
412218.683967053,824437.367934106,1648874.73586821
403117.25948204,806234.51896408,1612469.03792816
375452.457956399,750904.915912798,1501809.8318256
392169.478311135,784338.95662227,1568677.91324454
379226.020208881,758452.040417761,1516904.08083552
349267.164612379,698534.329224758,1397068.65844952
308310.75442982,616621.50885964,1233243.01771928
343578.774309246,687157.548618492,1374315.09723698
343268.019653797,686536.039307594,1373072.07861519
365573.883481361,731147.766962722,1462295.53392544
368986.917663241,737973.835326481,1475947.67065296
347750.260531543,695500.521063087,1391001.04212617
345095.678390081,690191.356780163,1380382.71356033
334098.123804024,668196.247608048,1336392.4952161
321652.136501891,643304.273003781,1286608.54600756
329168.185541308,658336.371082617,1316672.74216523
288591.001378958,577182.002757916,1154364.00551583
323100.569217966,646201.138435932,1292402.27687186
336752.705945486,673505.411890972,1347010.82378194
319367.826432938,638735.652865876,1277471.30573175
340951.844065091,681903.688130181,1363807.37626036
365194.657461152,730389.314922304,1460778.62984461
313999.144732953,627998.289465906,1255996.57893181
327272.055440264,654544.110880528,1309088.22176106
392878.1569364,785756.3138728,1571512.6277456
390292.046159698,780584.092319396,1561168.18463879
414873.266108515,829746.532217031,1659493.06443406
341303.418187992,682606.836375985,1365213.67275197
324617.473298802,649234.946597604,1298469.89319521
259390.597822874,518781.195645749,1037562.3912915
366780.032906747,733560.065813495,1467120.13162699
368986.917663241,737973.835326481,1475947.67065296
274559.63863123,549119.277262459,1098238.55452492
232465.550388044,464931.100776088,929862.201552175
159654.154507939,319308.309015877,638616.618031755
324311.195617202,648622.391234405,1297244.78246881
469171.058363145,938342.11672629,1876684.23345258
472894.847200474,945789.694400948,1891579.3888019
418665.526310604,837331.052621208,1674662.10524242
83050.4984257448,166100.99685149,332201.993702979
45127.8964048568,90255.7928097136,180511.585619427
317499.3482292,634998.696458401,1269997.3929168
300726.234025642,601452.468051285,1202904.93610257
357230.911036765,714461.822073531,1428923.64414706
411081.005906427,822162.011812853,1644324.02362571
391740.478875774,783480.957751547,1566961.91550309
386052.08857264,772104.177145281,1544208.35429056
449830.531332492,899661.062664984,1799322.12532997
463414.196695252,926828.393390504,1853656.78678101
356093.232976139,712186.465952278,1424372.93190456
274938.864651438,549877.729302877,1099755.45860575
287453.323318331,574906.646636663,1149813.29327333
323169.040582726,646338.081165452,1292676.1623309
324238.247278593,648476.494557186,1296952.98911437
256736.015681412,513472.031362824,1026944.06272565
212745.797337182,425491.594674364,850983.189348728
308310.75442982,616621.50885964,1233243.01771928
417527.848249977,835055.696499955,1670111.39299991
497233.783858602,994467.567717205,1988935.13543441
518022.743605331,1036045.48721066,2072090.97442132
368986.917663241,737973.835326481,1475947.67065296
397049.643158698,794099.286317396,1588198.57263479
472136.395160056,944272.790320113,1888545.58064023
280307.546351423,560615.092702847,1121230.18540569
312130.666529216,624261.333058431,1248522.66611686
202506.694791542,405013.389583084,810026.779166169
227156.386105119,454312.772210239,908625.544420478
421699.334472275,843398.66894455,1686797.3378891
480858.593624861,961717.187249721,1923434.37449944
450968.209393119,901936.418786238,1803872.83757248
538880.174716819,1077760.34943364,2155520.69886728
494510.73035238,989021.460704761,1978042.92140952
524090.359928673,1048180.71985735,2096361.43971469
603348.598152329,1206697.19630466,2413394.39260932
493034.645738998,986069.291477995,1972138.58295599
499089.094492194,998178.188984387,1996356.37796877
568839.030313321,1137678.06062664,2275356.12125328
598039.433869405,1196078.86773881,2392157.73547762
441419.087523137,882838.175046274,1765676.35009255
450520.51200815,901041.0240163,1802082.0480326
402806.504826591,805613.009653182,1611226.01930636
317412.178914833,634824.357829666,1269648.71565933
359885.493178228,719770.986356455,1439541.97271291
310206.884530864,620413.769061729,1240827.53812346
278351.898833318,556703.797666637,1113407.59533327
263562.084045172,527124.168090344,1054248.33618069
345182.847704449,690365.695408897,1380731.39081779
396670.417138489,793340.834276978,1586681.66855396
391740.478875774,783480.957751547,1566961.91550309
527503.394110553,1055006.78822111,2110013.57644221
508921.319120318,1017842.63824064,2035685.27648127
409677.869631654,819355.739263307,1638711.47852661
409591.753722898,819183.507445796,1638367.01489159
366711.561541987,733423.123083975,1466846.24616795
357230.911036765,714461.822073531,1428923.64414706
324617.473298802,649234.946597604,1298469.89319521
271146.60444935,542293.208898699,1084586.4177974
360333.190563196,720666.381126393,1441332.76225279
457725.806392119,915451.612784238,1830903.22556848
447865.929866688,895731.859733376,1791463.71946675
409564.101825591,819128.203651182,1638256.40730236
404254.937542667,808509.875085333,1617019.75017067
403894.409472065,807788.818944131,1615577.63788826
367140.560977349,734281.121954698,1468562.2439094
456967.354351701,913934.708703402,1827869.4174068
428904.628856244,857809.257712488,1715618.51542498
477445.559442981,954891.118885961,1909782.23777192
418286.300290395,836572.60058079,1673145.20116158
498010.933848628,996021.867697255,1992043.73539451
510438.223201153,1020876.44640231,2041752.89280461
546464.695120997,1092929.39024199,2185858.78048399
103907.929537233,207815.859074467,415631.718148933
0,0,0
282162.856985015,564325.713970029,1128651.42794006
493422.825706906,986845.651413812,1973691.30282762
292004.035560838,584008.071121676,1168016.14224335
463414.196695252,926828.393390504,1853656.78678101
301627.685877847,603255.371755694,1206510.74351139
0,0,0
68.4713647599368,136.942729519874,273.885459039747
0,0,0
175087.073422023,350174.146844045,700348.29368809
491097.6961705,982195.392341001,1964390.784682
500578.346675722,1001156.69335144,2002313.38670289
386810.540613058,773621.081226116,1547242.16245223
573078.987900378,1146157.97580076,2292315.95160151
474032.525261101,948065.050522201,1896130.1010444
539259.400737028,1078518.80147406,2157037.60294811
590834.139485436,1181668.27897087,2363336.55794174
446349.025785852,892698.051571705,1785396.10314341
444540.064999175,889080.129998351,1778160.2599967
254081.43353995,508162.8670799,1016325.7341598
442935.991603972,885871.983207945,1771743.96641589
358368.589097392,716737.178194784,1433474.35638957
261665.953944128,523331.907888255,1046663.81577651
362919.301339899,725838.602679797,1451677.20535959
335683.499249619,671366.998499238,1342733.99699848
279868.802914154,559737.605828308,1119475.21165662
351163.294713423,702326.589426847,1404653.17885369
294279.391682091,588558.783364183,1177117.56672837
252185.303438906,504370.606877811,1008741.21375562
238953.212199048,477906.424398096,955812.848796191
190778.340062374,381556.680124748,763113.360249495
139175.949416659,278351.898833318,556703.797666637
135383.68921457,270767.378429141,541534.756858281
333718.897783815,667437.79556763,1334875.59113526
353890.825193495,707781.65038699,1415563.30077398
229879.439611342,459758.879222683,919517.758445366
315136.82279358,630273.645587159,1260547.29117432
434972.245179586,869944.490359172,1739888.98071834
422078.560492484,844157.120984968,1688314.24196994
444073.669664599,888147.339329198,1776294.6786584
472515.621180265,945031.24236053,1890062.48472106
321291.608431289,642583.216862579,1285166.43372516
362919.301339899,725838.602679797,1451677.20535959
401221.129380996,802442.258761991,1604884.51752398
492614.600251336,985229.200502672,1970458.40100534
563909.092050605,1127818.18410121,2255636.36820242
640960.445517768,1281920.89103554,2563841.78207107
534329.462474313,1068658.92494863,2137317.84989725
454312.772210239,908625.544420478,1817251.08884096
538500.94869661,1077001.89739322,2154003.79478644
638616.618031755,1277233.23606351,2554466.47212702
666698.04147682,1333396.08295364,2666792.16590728
533620.783849047,1067241.56769809,2134483.13539619
490718.470150291,981436.940300583,1962873.88060117
419803.204371231,839606.408742461,1679212.81748492
441798.313543346,883596.627086692,1767193.25417338
562392.18796977,1124784.37593954,2249568.75187908
585972.67258748,1171945.34517496,2343890.69034992
602210.920091702,1204421.8401834,2408843.68036681
580215.810919587,1160431.62183917,2320863.24367835
535846.366555148,1071692.7331103,2143385.46622059
528641.072171179,1057282.14434236,2114564.28868472
544985.186939376,1089970.37387875,2179940.74775751
526415.489465079,1052830.97893016,2105661.95786031
396670.417138489,793340.834276978,1586681.66855396
298450.877904389,596901.755808778,1193803.51161756
188096.106023605,376192.21204721,752384.424094419
183545.393781098,367090.787562196,734181.575124393
76243.1280115925,152486.256023185,304972.51204637
135054.236609514,270108.473219028,540216.946438056
134625.237174153,269250.474348305,538500.94869661
289349.453419376,578698.906838752,1157397.8136775
524469.585948882,1048939.17189776,2097878.34379553
502095.250756558,1004190.50151312,2008381.00302623
467983.606887366,935967.213774732,1871934.42754946
457017.127766853,914034.255533707,1828068.51106741
346612.582470917,693225.164941834,1386450.32988367
344716.452369872,689432.904739745,1378865.80947949
380742.924289716,761485.848579432,1522971.69715886
367470.013582405,734940.02716481,1469880.05432962
407736.443089307,815472.886178613,1630945.77235723
430421.532937079,860843.065874159,1721686.13174832
351163.294713423,702326.589426847,1404653.17885369
417907.074270186,835814.148540373,1671628.29708075
386052.08857264,772104.177145281,1544208.35429056
316311.896753421,632623.793506843,1265247.58701369
198764.208004606,397528.416009212,795056.832018423
172168.613174832,344337.226349664,688674.452699327
457346.58037191,914693.16074382,1829386.32148764
510817.449221362,1021634.89844272,2043269.79688545
509373.493479136,1018746.98695827,2037493.97391654
523400.379253015,1046800.75850603,2093601.51701206
488443.114029038,976886.228058076,1953772.45611615
381501.376330134,763002.752660268,1526005.50532054
413735.588047889,827471.176095777,1654942.35219155
411460.231926635,822920.463853271,1645840.92770654
476968.366700884,953936.733401769,1907873.46680354
459609.822328629,919219.644657257,1838439.28931452
487305.435968412,974610.871936823,1949221.74387365
507025.189019273,1014050.37803855,2028100.75607709
494889.956372589,989779.912745178,1979559.82549036
502853.702796976,1005707.40559395,2011414.8111879
502922.174161736,1005844.34832347,2011688.69664694
375433.760006792,750867.520013583,1501735.04002717
400462.677340578,800925.354681156,1601850.70936231
400462.677340578,800925.354681156,1601850.70936231
60296.937213212,120593.874426424,241187.748852848
200231.338670289,400462.677340578,800925.354681156
313327.862006903,626655.724013806,1253311.44802761
333339.671763606,666679.343527212,1333358.68705442
324238.247278593,648476.494557186,1296952.98911437
445969.799765644,891939.599531287,1783879.19906257
486167.757907785,972335.51581557,1944671.03163114
419844.023838684,839688.047677368,1679376.09535474
369393.795580757,738787.591161513,1477575.18232303
336373.479925277,672746.959850554,1345493.91970111
423974.690593528,847949.381187057,1695898.76237411
373916.855925956,747833.711851912,1495667.42370382
477066.333422772,954132.666845543,1908265.33369109
336062.725269828,672125.450539656,1344250.90107931
394015.834997027,788031.669994054,1576063.33998811
514988.93544366,1029977.87088732,2059955.74177464
430421.532937079,860843.065874159,1721686.13174832
496786.086473634,993572.172947267,1987144.34589453
548000.29715144,1096000.59430288,2192001.18860576
337940.157421265,675880.31484253,1351760.62968506
470240.265059012,940480.530118024,1880961.06023605
530157.976252015,1060315.95250403,2120631.90500806
573010.516535618,1146021.03307124,2292042.06614247
455071.224250657,910142.448501313,1820284.89700263
484309.023705955,968618.047411911,1937236.09482382
420232.203806592,840464.407613184,1680928.81522637
415631.718148933,831263.436297866,1662526.87259573
405771.841623502,811543.683247004,1623087.36649401
401979.581421413,803959.162842827,1607918.32568565
423216.238553111,846432.477106221,1692864.95421244
311006.156038735,622012.31207747,1244024.62415494
317819.056832349,635638.113664698,1271276.2273294
345095.678390081,690191.356780163,1380382.71356033
392498.930916191,784997.861832383,1569995.72366477
407667.971724547,815335.943449093,1630671.88689819
460001.162513372,920002.325026744,1840004.65005349
460448.859898341,920897.719796682,1841795.43959336
493752.278311962,987504.556623925,1975009.11324785
502474.476776767,1004948.95355353,2009897.90710707
493814.692594455,987629.38518891,1975258.77037782
456219.4363674,912438.8727348,1824877.7454696
529061.117658841,1058122.23531768,2116244.47063537
541562.408755588,1083124.81751118,2166249.63502235
417907.074270186,835814.148540373,1671628.29708075
508921.319120318,1017842.63824064,2035685.27648127
504370.606877811,1008741.21375562,2017482.42751124
298450.877904389,596901.755808778,1193803.51161756
233283.519845522,466567.039691044,933134.079382088
295823.947660234,591647.895320467,1183295.79064093
375433.760006792,750867.520013583,1501735.04002717
337131.931965695,674263.86393139,1348527.72786278
379605.246229089,759210.492458179,1518420.98491636
439143.731401884,878287.462803767,1756574.92560753
400151.922685129,800303.845370258,1600607.69074052
414114.814068098,828229.628136195,1656459.25627239
426629.272734991,853258.545469981,1706517.09093996
249530.721297443,499061.442594887,998122.885189774
277593.446792901,555186.893585801,1110373.7871716
267015.937694505,534031.87538901,1068063.75077802
228700.942083262,457401.884166524,914803.768333048
259011.371802665,518022.743605331,1036045.48721066
261286.727923919,522573.455847837,1045146.91169567
564288.318070814,1128576.63614163,2257153.27228326
557462.249707054,1114924.49941411,2229848.99882822
512782.050687166,1025564.10137433,2051128.20274867
557083.023686846,1114166.04737369,2228332.09474738
544568.565019952,1089137.13003991,2178274.26007981
579078.132858961,1158156.26571792,2316312.53143584
626481.385385071,1252962.77077014,2505925.54154028
532492.849790329,1064985.69958066,2129971.39916132
503639.8067347,1007279.6134694,2014559.2269388
512713.579322407,1025427.15864481,2050854.31728963
385293.636532223,770587.273064445,1541174.54612889
367470.013582405,734940.02716481,1469880.05432962
351163.294713423,702326.589426847,1404653.17885369
422147.031857244,844294.063714488,1688588.12742898
348508.712571961,697017.425143922,1394034.85028784
125144.586668931,250289.173337861,500578.346675722
287074.097298123,574148.194596245,1148296.38919249
307552.302389402,615104.604778804,1230209.20955761
337931.203473566,675862.406947131,1351724.81389426
439171.383299191,878342.766598381,1756685.53319676
448624.381907106,897248.763814211,1794497.52762842
463034.970675043,926069.941350086,1852139.88270017
405392.615603293,810785.231206587,1621570.46241317
310206.884530864,620413.769061729,1240827.53812346
278799.596218287,557599.192436574,1115198.38487315
345095.678390081,690191.356780163,1380382.71356033
303760.042187313,607520.084374627,1215040.16874925
238912.392731595,477824.785463189,955649.570926379
423595.46457332,847190.929146639,1694381.85829328
448282.551786112,896565.103572224,1793130.20714445
459671.709908316,919343.419816631,1838686.83963326
486439.536555601,972879.073111202,1945758.1462224
391740.478875774,783480.957751547,1566961.91550309
414187.762406707,828375.524813414,1656751.04962683
375054.533986583,750109.067973166,1500218.13594633
304966.1916127,609932.3832254,1219864.7664508
350025.616652797,700051.233305593,1400102.46661119
403875.711522458,807751.423044916,1615502.84608983
343578.774309246,687157.548618492,1374315.09723698
362919.301339899,725838.602679797,1451677.20535959
403117.25948204,806234.51896408,1612469.03792816
314067.616097713,628135.232195426,1256270.46439085
230948.646307208,461897.292614417,923794.585228833
134625.237174153,269250.474348305,538500.94869661
192267.592245902,384535.184491805,769070.36898361
305276.946268149,610553.892536298,1221107.7850726
224501.803963657,449003.607927315,898007.215854629
71313.1897488771,142626.379497754,285252.758995508
62622.0667496177,125244.133499235,250488.266998471
209711.989175511,419423.978351022,838847.956702044
222226.447842404,444452.895684808,888905.791369616
296554.747803345,593109.495606689,1186218.99121338
308310.75442982,616621.50885964,1233243.01771928
307589.698288617,615179.396577234,1230358.79315447
460809.387968942,921618.775937885,1843237.55187577
456588.128331492,913176.256662984,1826352.51332597
502095.250756558,1004190.50151312,2008381.00302623
410670.177717867,821340.355435734,1642680.71087147
507783.641059691,1015567.28211938,2031134.56423876
458931.955817505,917863.911635011,1835727.82327002
497923.76453426,995847.52906852,1991695.05813704
393410.916824513,786821.833649026,1573643.66729805
